-- Auto-generated SQL script (sqlite)
-- Generated by: AI-Driven Synthetic Data Generator (Stage C)

-- ============================================
-- DDL: CREATE TABLE STATEMENTS
-- ============================================

CREATE TABLE "users" (
    "id" INTEGER NOT NULL,
    "username" TEXT NOT NULL,
    "password" TEXT NOT NULL,
    "email" TEXT NOT NULL,
    PRIMARY KEY ("id")
);

CREATE TABLE "posts" (
    "id" INTEGER NOT NULL,
    "user_id" INTEGER NOT NULL,
    "title" TEXT NOT NULL,
    "content" TEXT NOT NULL,
    "publication_date" TEXT NOT NULL,
    PRIMARY KEY ("id"),
    FOREIGN KEY ("user_id") REFERENCES "users"("id")
);

CREATE TABLE "comments" (
    "id" INTEGER NOT NULL,
    "post_id" INTEGER NOT NULL,
    "user_id" INTEGER NOT NULL,
    "text" TEXT NOT NULL,
    "date_posted" TEXT NOT NULL,
    PRIMARY KEY ("id"),
    FOREIGN KEY ("post_id") REFERENCES "posts"("id"),
    FOREIGN KEY ("user_id") REFERENCES "users"("id")
);

-- ============================================
-- DML: INSERT STATEMENTS
-- ============================================

-- users: 50 rows
INSERT INTO "users" ("id", "username", "password", "email") VALUES (1, 'achang', 'cqGF', 'thull@example.com');
INSERT INTO "users" ("id", "username", "password", "email") VALUES (2, 'brandy38', 'isiW', 'montgomeryjohn@example.net');
INSERT INTO "users" ("id", "username", "password", "email") VALUES (3, 'kyleblair', 'RvEJ', 'gomezleslie@example.net');
INSERT INTO "users" ("id", "username", "password", "email") VALUES (4, 'tammywoods', 'HqdZ', 'davismary@example.net');
INSERT INTO "users" ("id", "username", "password", "email") VALUES (5, 'salazarmaria', 'vpUu', 'leeashley@example.org');
INSERT INTO "users" ("id", "username", "password", "email") VALUES (6, 'lindawest', 'fuGF', 'turnerkelly@example.org');
INSERT INTO "users" ("id", "username", "password", "email") VALUES (7, 'lisa83', 'ZMJL', 'sean96@example.com');
INSERT INTO "users" ("id", "username", "password", "email") VALUES (8, 'kellylopez', 'lcNQ', 'thomas12@example.org');
INSERT INTO "users" ("id", "username", "password", "email") VALUES (9, 'kirbyrachael', 'IRzT', 'aimee33@example.net');
INSERT INTO "users" ("id", "username", "password", "email") VALUES (10, 'criley', 'FQPS', 'christopher91@example.com');
INSERT INTO "users" ("id", "username", "password", "email") VALUES (11, 'megan30', 'UrhT', 'nathanjackson@example.com');
INSERT INTO "users" ("id", "username", "password", "email") VALUES (12, 'garciadustin', 'SocK', 'johnsoncynthia@example.net');
INSERT INTO "users" ("id", "username", "password", "email") VALUES (13, 'myersmitchell', 'hcMb', 'susanlopez@example.org');
INSERT INTO "users" ("id", "username", "password", "email") VALUES (14, 'zclark', 'dRbI', 'qoliver@example.org');
INSERT INTO "users" ("id", "username", "password", "email") VALUES (15, 'charlesturner', 'BldG', 'gwilliams@example.net');
INSERT INTO "users" ("id", "username", "password", "email") VALUES (16, 'wgonzalez', 'UEKk', 'tammybrown@example.net');
INSERT INTO "users" ("id", "username", "password", "email") VALUES (17, 'meganpeterson', 'qhMC', 'alexandermaldonado@example.net');
INSERT INTO "users" ("id", "username", "password", "email") VALUES (18, 'deborah64', 'jJSa', 'vharmon@example.net');
INSERT INTO "users" ("id", "username", "password", "email") VALUES (19, 'stephensdennis', 'WEwN', 'emily99@example.org');
INSERT INTO "users" ("id", "username", "password", "email") VALUES (20, 'paul61', 'aMmS', 'ernest37@example.com');
INSERT INTO "users" ("id", "username", "password", "email") VALUES (21, 'sjohnson', 'KAXQ', 'martincaleb@example.net');
INSERT INTO "users" ("id", "username", "password", "email") VALUES (22, 'seandyer', 'JMWa', 'simpsonlarry@example.com');
INSERT INTO "users" ("id", "username", "password", "email") VALUES (23, 'lambnancy', 'ZAmJ', 'monroedavid@example.org');
INSERT INTO "users" ("id", "username", "password", "email") VALUES (24, 'aherring', 'uana', 'bairdemma@example.net');
INSERT INTO "users" ("id", "username", "password", "email") VALUES (25, 'leecharlene', 'mtrS', 'craignash@example.com');
INSERT INTO "users" ("id", "username", "password", "email") VALUES (26, 'johnsonrobin', 'ZYhq', 'desireeroth@example.net');
INSERT INTO "users" ("id", "username", "password", "email") VALUES (27, 'darin24', 'bccn', 'angela59@example.org');
INSERT INTO "users" ("id", "username", "password", "email") VALUES (28, 'djoseph', 'OBxI', 'jaredmatthews@example.org');
INSERT INTO "users" ("id", "username", "password", "email") VALUES (29, 'edwardcook', 'YxTf', 'kimberly00@example.com');
INSERT INTO "users" ("id", "username", "password", "email") VALUES (30, 'edwardsilva', 'xzJi', 'danny30@example.com');
INSERT INTO "users" ("id", "username", "password", "email") VALUES (31, 'melodychandler', 'tzvt', 'jrodriguez@example.com');
INSERT INTO "users" ("id", "username", "password", "email") VALUES (32, 'zrogers', 'ZvhE', 'lyonsronald@example.com');
INSERT INTO "users" ("id", "username", "password", "email") VALUES (33, 'jessica22', 'OKyZ', 'joneschristopher@example.net');
INSERT INTO "users" ("id", "username", "password", "email") VALUES (34, 'brucesmith', 'zJHs', 'ymora@example.net');
INSERT INTO "users" ("id", "username", "password", "email") VALUES (35, 'rodneyrichardson', 'qLXk', 'hlee@example.org');
INSERT INTO "users" ("id", "username", "password", "email") VALUES (36, 'leachshannon', 'RmhF', 'pscott@example.org');
INSERT INTO "users" ("id", "username", "password", "email") VALUES (37, 'cindygarcia', 'DyxI', 'danielcarlson@example.com');
INSERT INTO "users" ("id", "username", "password", "email") VALUES (38, 'annelittle', 'BHFR', 'martha73@example.net');
INSERT INTO "users" ("id", "username", "password", "email") VALUES (39, 'alecthornton', 'Vuuc', 'nancymorrison@example.org');
INSERT INTO "users" ("id", "username", "password", "email") VALUES (40, 'taguilar', 'TZEe', 'blackruth@example.org');
INSERT INTO "users" ("id", "username", "password", "email") VALUES (41, 'davidturner', 'WCvk', 'mistymurray@example.com');
INSERT INTO "users" ("id", "username", "password", "email") VALUES (42, 'gsantana', 'cKfR', 'burgessrebecca@example.org');
INSERT INTO "users" ("id", "username", "password", "email") VALUES (43, 'amanda96', 'EYyM', 'melissayates@example.net');
INSERT INTO "users" ("id", "username", "password", "email") VALUES (44, 'yangkevin', 'Kqve', 'theath@example.com');
INSERT INTO "users" ("id", "username", "password", "email") VALUES (45, 'dpatrick', 'kPip', 'jessica50@example.org');
INSERT INTO "users" ("id", "username", "password", "email") VALUES (46, 'fbutler', 'MTfR', 'lisagomez@example.org');
INSERT INTO "users" ("id", "username", "password", "email") VALUES (47, 'dhughes', 'gEXj', 'johnsonchristina@example.net');
INSERT INTO "users" ("id", "username", "password", "email") VALUES (48, 'daniel85', 'myYX', 'drodriguez@example.net');
INSERT INTO "users" ("id", "username", "password", "email") VALUES (49, 'vmendez', 'PhRT', 'kristina26@example.com');
INSERT INTO "users" ("id", "username", "password", "email") VALUES (50, 'stonekristen', 'mcYz', 'mwatson@example.com');

-- posts: 50 rows
INSERT INTO "posts" ("id", "user_id", "title", "content", "publication_date") VALUES (1, 25, 'Smile away and various main too.', 'Occur democratic behavior standard thousand single recognize. Medical watch certainly through instead base. Indeed between similar safe.', '2026-01-02');
INSERT INTO "posts" ("id", "user_id", "title", "content", "publication_date") VALUES (2, 49, 'Issue indicate market ten foot education good.', 'Reality generation concern store discover hand. Throw debate daughter purpose voice but according hard.', '2026-01-02');
INSERT INTO "posts" ("id", "user_id", "title", "content", "publication_date") VALUES (3, 27, 'Do center law live religious election agreement decade.', 'Which fast there network force or ball. Ok choose today watch source firm drug. Fact information animal car.', '2026-01-01');
INSERT INTO "posts" ("id", "user_id", "title", "content", "publication_date") VALUES (4, 3, 'Back available inside nearly scientist central.', 'Pm be know hard we. Heavy across while top. Daughter fall likely wear someone everybody.', '2026-01-28');
INSERT INTO "posts" ("id", "user_id", "title", "content", "publication_date") VALUES (5, 17, 'Read somebody land human should it easy law.', 'Green place beat sense. Ability recognize peace account fear. Feeling participant interest seem begin marriage which myself.', '2026-01-20');
INSERT INTO "posts" ("id", "user_id", "title", "content", "publication_date") VALUES (6, 33, 'Place again establish protect a.', 'Three report know second government the pull. Other along society figure future. Teacher three seven attention team executive care.', '2026-01-26');
INSERT INTO "posts" ("id", "user_id", "title", "content", "publication_date") VALUES (7, 32, 'Decision black western myself scientist tough everything kind.', 'Case but building husband life nice federal place. Design major maybe manage when know. Seat appear perform agent.', '2026-01-23');
INSERT INTO "posts" ("id", "user_id", "title", "content", "publication_date") VALUES (8, 26, 'Thousand act money at term rather.', 'Guess break about. Their record road dinner seem. Course its respond himself former.', '2026-01-22');
INSERT INTO "posts" ("id", "user_id", "title", "content", "publication_date") VALUES (9, 20, 'Language remember model can.', 'Glass work interview man role somebody. Vote only anyone home doctor be.', '2026-01-10');
INSERT INTO "posts" ("id", "user_id", "title", "content", "publication_date") VALUES (10, 31, 'Arm point community particularly partner relate.', 'Sign third in approach recent. Upon value ok majority region democratic entire. Apply glass face.', '2026-01-01');
INSERT INTO "posts" ("id", "user_id", "title", "content", "publication_date") VALUES (11, 23, 'As into develop part.', 'Law fund bill third some. Movie throw eight miss couple bag. Generation study economy rock feeling might his.', '2026-01-24');
INSERT INTO "posts" ("id", "user_id", "title", "content", "publication_date") VALUES (12, 38, 'The drive figure necessary across manager.', 'True include management. Brother bank better she increase try. Partner stand next though house where.', '2026-01-13');
INSERT INTO "posts" ("id", "user_id", "title", "content", "publication_date") VALUES (13, 14, 'Detail subject everything goal yes blue tonight.', 'Smile represent since method left plant evening. Budget situation between. Eat expect save process score middle. Business population brother.', '2026-01-28');
INSERT INTO "posts" ("id", "user_id", "title", "content", "publication_date") VALUES (14, 33, 'Director respond national example science top.', 'Film force health lose old case administration. Foreign one agent candidate how wish member.', '2026-01-04');
INSERT INTO "posts" ("id", "user_id", "title", "content", "publication_date") VALUES (15, 9, 'Share sit simple notice.', 'Run staff service government opportunity. Material truth pattern ago other majority final when.', '2026-01-27');
INSERT INTO "posts" ("id", "user_id", "title", "content", "publication_date") VALUES (16, 19, 'Produce manager well lose.', 'Else page region start. Himself arrive although risk which. Television protect process difficult general class.', '2026-01-01');
INSERT INTO "posts" ("id", "user_id", "title", "content", "publication_date") VALUES (17, 9, 'Of around piece government make article.', 'Actually watch force. General professional career two.', '2026-01-22');
INSERT INTO "posts" ("id", "user_id", "title", "content", "publication_date") VALUES (18, 49, 'Center find power road size impact.', 'Through move source wonder relate service.', '2026-01-28');
INSERT INTO "posts" ("id", "user_id", "title", "content", "publication_date") VALUES (19, 7, 'Important hope about catch.', 'Bag down stock computer. What to sea. Collection bad until our per leader change.', '2026-01-02');
INSERT INTO "posts" ("id", "user_id", "title", "content", "publication_date") VALUES (20, 40, 'Future scene heavy personal threat.', 'Group public leader medical. Save identify establish manage. Address morning explain light alone mother.', '2026-01-27');
INSERT INTO "posts" ("id", "user_id", "title", "content", "publication_date") VALUES (21, 17, 'Various although house build get.', 'Event yet effect.', '2026-01-15');
INSERT INTO "posts" ("id", "user_id", "title", "content", "publication_date") VALUES (22, 35, 'Several might history strong economy.', 'Word source wall drug purpose mouth then. Trouble tonight former section.', '2026-01-01');
INSERT INTO "posts" ("id", "user_id", "title", "content", "publication_date") VALUES (23, 46, 'Staff north weight guy personal follow situation over.', 'Small notice kind. Upon we lose water stand single.', '2026-01-10');
INSERT INTO "posts" ("id", "user_id", "title", "content", "publication_date") VALUES (24, 39, 'Nature interest wear community.', 'Probably church body mean. Painting senior entire expect investment yard responsibility.', '2026-01-13');
INSERT INTO "posts" ("id", "user_id", "title", "content", "publication_date") VALUES (25, 10, 'Money fish garden relationship it center accept.', 'Six reduce sit his. We no in pass sound direction administration. Word citizen create great record affect same.', '2026-01-28');
INSERT INTO "posts" ("id", "user_id", "title", "content", "publication_date") VALUES (26, 20, 'Ever war unit back large.', 'Time special beyond could key assume interview. Wait education think similar particular before. Manage several dark.', '2026-01-20');
INSERT INTO "posts" ("id", "user_id", "title", "content", "publication_date") VALUES (27, 7, 'Itself play pull recent state old.', 'Camera report foreign agency list miss among. Ten guess attorney response provide likely fire. Fire town worker.', '2026-01-14');
INSERT INTO "posts" ("id", "user_id", "title", "content", "publication_date") VALUES (28, 47, 'Provide other identify fill art by.', 'Relate respond rich role mind statement reality. Hold conference son spend ball company enter son.', '2026-01-16');
INSERT INTO "posts" ("id", "user_id", "title", "content", "publication_date") VALUES (29, 5, 'Site military lead travel series.', 'Check plan computer mention time firm water. Possible lead draw learn city. Tree care sign arm bar military.', '2026-01-01');
INSERT INTO "posts" ("id", "user_id", "title", "content", "publication_date") VALUES (30, 44, 'Billion parent now from.', 'Gun subject PM carry understand consumer by. Though cover including artist find hope. Over some collection.', '2026-01-04');
INSERT INTO "posts" ("id", "user_id", "title", "content", "publication_date") VALUES (31, 22, 'Approach great top series public none.', 'Congress law enough we ask benefit. Go computer pattern. Follow so second.', '2026-01-25');
INSERT INTO "posts" ("id", "user_id", "title", "content", "publication_date") VALUES (32, 31, 'Ball appear television so teach energy possible.', 'Four western likely almost. Personal expert already heavy church nature chair.', '2026-01-09');
INSERT INTO "posts" ("id", "user_id", "title", "content", "publication_date") VALUES (33, 36, 'Policy drug these person.', 'When personal huge difficult player forget whom.', '2026-01-18');
INSERT INTO "posts" ("id", "user_id", "title", "content", "publication_date") VALUES (34, 7, 'Clear inside guy north hit.', 'Us accept hope soon.', '2026-01-08');
INSERT INTO "posts" ("id", "user_id", "title", "content", "publication_date") VALUES (35, 23, 'Agent follow about.', 'Of challenge check skin.', '2026-01-02');
INSERT INTO "posts" ("id", "user_id", "title", "content", "publication_date") VALUES (36, 28, 'Job trial four easy case member.', 'Authority imagine probably whom it job. High trouble drive loss turn attorney education. Those head against particularly listen.', '2026-01-12');
INSERT INTO "posts" ("id", "user_id", "title", "content", "publication_date") VALUES (37, 21, 'American focus something who blood.', 'Require agree inside thank.', '2026-01-20');
INSERT INTO "posts" ("id", "user_id", "title", "content", "publication_date") VALUES (38, 40, 'Under require page claim future in.', 'Seven both happy central group. Picture send cultural whatever computer on fast. Fact issue radio. Heart decade care book ground.', '2026-01-02');
INSERT INTO "posts" ("id", "user_id", "title", "content", "publication_date") VALUES (39, 41, 'Office less politics religious back international.', 'College debate direction moment. Ground think save respond friend budget while. Significant energy citizen physical why mouth.', '2026-01-08');
INSERT INTO "posts" ("id", "user_id", "title", "content", "publication_date") VALUES (40, 14, 'Worker season figure they yeah get.', 'Fill improve image best win challenge on. Blood single recently other owner message entire. Collection be along break gun reveal five put.', '2026-01-18');
INSERT INTO "posts" ("id", "user_id", "title", "content", "publication_date") VALUES (41, 36, 'Recent project speech director city necessary thus sister.', 'Ago poor coach year. Part decade remain if again care. Commercial kid approach heart sort popular.', '2026-01-20');
INSERT INTO "posts" ("id", "user_id", "title", "content", "publication_date") VALUES (42, 31, 'Do them although per environmental medical.', 'Line Congress must city system story. Lead while long not. News enter director book cell speech.', '2026-01-07');
INSERT INTO "posts" ("id", "user_id", "title", "content", "publication_date") VALUES (43, 29, 'Statement carry next according.', 'Record own research blood list girl sister. Rate drop marriage worker. Different many water meeting future.', '2026-01-04');
INSERT INTO "posts" ("id", "user_id", "title", "content", "publication_date") VALUES (44, 34, 'Off difficult happen high serve.', 'Very score loss they grow. Partner story budget great than director.', '2026-01-19');
INSERT INTO "posts" ("id", "user_id", "title", "content", "publication_date") VALUES (45, 17, 'Trouble it grow husband short year term look.', 'Land general during cost. Material body himself home message woman.', '2026-01-28');
INSERT INTO "posts" ("id", "user_id", "title", "content", "publication_date") VALUES (46, 4, 'Determine human find discussion military ability line hour.', 'Worker offer American behavior customer force. Congress recognize agreement well.', '2026-01-01');
INSERT INTO "posts" ("id", "user_id", "title", "content", "publication_date") VALUES (47, 36, 'Movement can start paper tree bank.', 'Summer minute perform indeed Mr. Dinner indeed listen a decision. Past especially old.', '2026-01-18');
INSERT INTO "posts" ("id", "user_id", "title", "content", "publication_date") VALUES (48, 1, 'Quality political other begin war resource.', 'Realize per probably. Debate wish floor inside matter nice.', '2026-01-24');
INSERT INTO "posts" ("id", "user_id", "title", "content", "publication_date") VALUES (49, 6, 'Meeting language condition natural.', 'Effort bad measure star tell law. Lose various agency rich accept if.', '2026-01-22');
INSERT INTO "posts" ("id", "user_id", "title", "content", "publication_date") VALUES (50, 47, 'Involve education little direction exist.', 'Use chance story range could usually piece but. Choice already thank source. Hope could many cold another way sign.', '2026-01-17');

-- comments: 100 rows
INSERT INTO "comments" ("id", "post_id", "user_id", "text", "date_posted") VALUES (1, 26, 46, 'Rich consumer type Republican organization. Charge read management production up our. Drug toward such.', '2026-01-27');
INSERT INTO "comments" ("id", "post_id", "user_id", "text", "date_posted") VALUES (2, 43, 41, 'Analysis care kitchen. Difference range technology serious international position write those.', '2026-01-17');
INSERT INTO "comments" ("id", "post_id", "user_id", "text", "date_posted") VALUES (3, 1, 40, 'Clear newspaper ground just keep. Suffer life chair senior seem west. Week remain decide happy another image.', '2026-01-05');
INSERT INTO "comments" ("id", "post_id", "user_id", "text", "date_posted") VALUES (4, 32, 22, 'Now so must plant whether protect most trade. Herself Mr bad wide manage. Daughter pay growth.', '2026-01-05');
INSERT INTO "comments" ("id", "post_id", "user_id", "text", "date_posted") VALUES (5, 16, 47, 'Pass tend onto when happen.', '2026-01-23');
INSERT INTO "comments" ("id", "post_id", "user_id", "text", "date_posted") VALUES (6, 21, 46, 'Order everything stuff detail. Second until direction opportunity very analysis.', '2026-01-16');
INSERT INTO "comments" ("id", "post_id", "user_id", "text", "date_posted") VALUES (7, 5, 13, 'Nor as year look floor role agency its. Seven those budget involve. Picture enough break. Health sort couple station my.', '2026-01-17');
INSERT INTO "comments" ("id", "post_id", "user_id", "text", "date_posted") VALUES (8, 37, 15, 'Add traditional standard PM election case yet. Party individual so attack. Bit avoid yourself campaign alone subject development.', '2026-01-05');
INSERT INTO "comments" ("id", "post_id", "user_id", "text", "date_posted") VALUES (9, 16, 10, 'Yet really which human participant. Give especially win give yourself system. Letter finish campaign night simply.', '2026-01-01');
INSERT INTO "comments" ("id", "post_id", "user_id", "text", "date_posted") VALUES (10, 35, 29, 'Final relationship wear along particularly factor. Coach every cut never.', '2026-01-22');
INSERT INTO "comments" ("id", "post_id", "user_id", "text", "date_posted") VALUES (11, 6, 6, 'Me story but order leg food. Drop join recognize all structure.', '2026-01-14');
INSERT INTO "comments" ("id", "post_id", "user_id", "text", "date_posted") VALUES (12, 21, 33, 'First natural without any remain support. Cause others skill industry old effect fine.', '2026-01-26');
INSERT INTO "comments" ("id", "post_id", "user_id", "text", "date_posted") VALUES (13, 32, 7, 'Remain interest college anything relationship local air. Final station tough whether. Throw gun including.', '2026-01-26');
INSERT INTO "comments" ("id", "post_id", "user_id", "text", "date_posted") VALUES (14, 20, 36, 'Example identify likely view around remember take. Dark character sometimes small control work.', '2026-01-27');
INSERT INTO "comments" ("id", "post_id", "user_id", "text", "date_posted") VALUES (15, 19, 46, 'Discussion star individual third.', '2026-01-08');
INSERT INTO "comments" ("id", "post_id", "user_id", "text", "date_posted") VALUES (16, 8, 36, 'Can street race seat model similar sometimes. Reveal so suggest.', '2026-01-04');
INSERT INTO "comments" ("id", "post_id", "user_id", "text", "date_posted") VALUES (17, 22, 35, 'Herself hold his moment. Camera beat activity stay. Action section drug how.', '2026-01-14');
INSERT INTO "comments" ("id", "post_id", "user_id", "text", "date_posted") VALUES (18, 14, 39, 'Product election baby seven only scientist. Seven approach speak. Eat report to product outside they eye.', '2026-01-08');
INSERT INTO "comments" ("id", "post_id", "user_id", "text", "date_posted") VALUES (19, 36, 38, 'Happen white maybe read card look. Part fund feeling cause stand. Give point herself official receive may.', '2026-01-28');
INSERT INTO "comments" ("id", "post_id", "user_id", "text", "date_posted") VALUES (20, 19, 29, 'Issue enter cold cell our. Sing media step live game item lay.', '2026-01-26');
INSERT INTO "comments" ("id", "post_id", "user_id", "text", "date_posted") VALUES (21, 6, 39, 'Why learn attention cut billion.', '2026-01-13');
INSERT INTO "comments" ("id", "post_id", "user_id", "text", "date_posted") VALUES (22, 25, 21, 'Vote continue community whole growth.', '2026-01-13');
INSERT INTO "comments" ("id", "post_id", "user_id", "text", "date_posted") VALUES (23, 37, 16, 'Again trouble cold.', '2026-01-16');
INSERT INTO "comments" ("id", "post_id", "user_id", "text", "date_posted") VALUES (24, 19, 12, 'Statement scene teach because it boy. Should add mother.', '2026-01-18');
INSERT INTO "comments" ("id", "post_id", "user_id", "text", "date_posted") VALUES (25, 13, 12, 'Culture continue condition probably particularly measure. Physical treat dinner able job page position possible.', '2026-01-07');
INSERT INTO "comments" ("id", "post_id", "user_id", "text", "date_posted") VALUES (26, 3, 40, 'Information forward trouble unit. Country article will firm woman section magazine loss. Especially position learn senior today mention.', '2026-01-28');
INSERT INTO "comments" ("id", "post_id", "user_id", "text", "date_posted") VALUES (27, 43, 17, 'Language provide parent information call prevent visit skin. Significant stuff section lot rather beyond share energy. Play meeting movie avoid.', '2026-01-02');
INSERT INTO "comments" ("id", "post_id", "user_id", "text", "date_posted") VALUES (28, 31, 5, 'Wind well thousand. His within though finish star be. Popular see different decide trip total. Out human night.', '2026-01-15');
INSERT INTO "comments" ("id", "post_id", "user_id", "text", "date_posted") VALUES (29, 6, 44, 'Throughout western world area student there. Night top popular open. Store office explain education.', '2026-01-20');
INSERT INTO "comments" ("id", "post_id", "user_id", "text", "date_posted") VALUES (30, 49, 9, 'Model sing then.', '2026-01-14');
INSERT INTO "comments" ("id", "post_id", "user_id", "text", "date_posted") VALUES (31, 10, 3, 'Strategy medical voice boy. According star study form seem beat.', '2026-01-11');
INSERT INTO "comments" ("id", "post_id", "user_id", "text", "date_posted") VALUES (32, 6, 45, 'Forward magazine movie base firm himself idea. Necessary million trade century hundred themselves finish.', '2026-01-04');
INSERT INTO "comments" ("id", "post_id", "user_id", "text", "date_posted") VALUES (33, 35, 44, 'Alone popular break attention. North good program risk I.', '2026-01-16');
INSERT INTO "comments" ("id", "post_id", "user_id", "text", "date_posted") VALUES (34, 26, 46, 'Mention discussion maybe rise sit hand society. Economic baby book. Short during agency meet window now. Wall conference especially.', '2026-01-24');
INSERT INTO "comments" ("id", "post_id", "user_id", "text", "date_posted") VALUES (35, 34, 18, 'Specific show pressure. Sea thought raise suggest six claim analysis. Moment young close history explain these low.', '2026-01-02');
INSERT INTO "comments" ("id", "post_id", "user_id", "text", "date_posted") VALUES (36, 34, 16, 'Outside wish community kid official within nothing tend. Century involve down herself drive effort drop onto. Walk draw front plan focus century.', '2026-01-13');
INSERT INTO "comments" ("id", "post_id", "user_id", "text", "date_posted") VALUES (37, 14, 44, 'Movie report boy two. Daughter consider group eat soon must toward. Hope memory government image room.', '2026-01-03');
INSERT INTO "comments" ("id", "post_id", "user_id", "text", "date_posted") VALUES (38, 38, 27, 'Page clear newspaper ball may. Information fire purpose very them history tell.', '2026-01-06');
INSERT INTO "comments" ("id", "post_id", "user_id", "text", "date_posted") VALUES (39, 38, 18, 'Work several past next final tonight. Heart watch bed bag wind physical media.', '2026-01-01');
INSERT INTO "comments" ("id", "post_id", "user_id", "text", "date_posted") VALUES (40, 29, 32, 'Former run others believe nor after small. Before open hot campaign throughout. Most ten cup far training opportunity difficult candidate. Election small certainly pattern daughter.', '2026-01-07');
INSERT INTO "comments" ("id", "post_id", "user_id", "text", "date_posted") VALUES (41, 43, 42, 'Current open goal probably. Sense scientist bank result. System term social say about century debate officer.', '2026-01-01');
INSERT INTO "comments" ("id", "post_id", "user_id", "text", "date_posted") VALUES (42, 45, 23, 'Certainly Mrs me wear. Lead professional kind wait. Push country glass evening much.', '2026-01-14');
INSERT INTO "comments" ("id", "post_id", "user_id", "text", "date_posted") VALUES (43, 6, 21, 'Need assume heart west training. Might catch that trip.', '2026-01-07');
INSERT INTO "comments" ("id", "post_id", "user_id", "text", "date_posted") VALUES (44, 40, 8, 'To movie seven concern attention. Wind heavy anything strategy hope return. Call report must charge alone pattern might.', '2026-01-28');
INSERT INTO "comments" ("id", "post_id", "user_id", "text", "date_posted") VALUES (45, 32, 38, 'Light hot because movement business. See collection cut drive out image thought. Defense cup man course teacher message page.', '2026-01-27');
INSERT INTO "comments" ("id", "post_id", "user_id", "text", "date_posted") VALUES (46, 41, 22, 'Police it house political energy song policy. Small go woman small reduce alone culture democratic. Stay century law before everybody.', '2026-01-15');
INSERT INTO "comments" ("id", "post_id", "user_id", "text", "date_posted") VALUES (47, 13, 16, 'Scene view today father provide pass. Have perform because technology important they tax. Executive military plan school certainly meet floor.', '2026-01-04');
INSERT INTO "comments" ("id", "post_id", "user_id", "text", "date_posted") VALUES (48, 2, 47, 'Customer far recently prepare scene. Along kid explain product money store. Glass one then investment scientist bring citizen.', '2026-01-22');
INSERT INTO "comments" ("id", "post_id", "user_id", "text", "date_posted") VALUES (49, 18, 8, 'View stuff federal like be happen. Big early amount team. Beat start say either none heavy down business.', '2026-01-26');
INSERT INTO "comments" ("id", "post_id", "user_id", "text", "date_posted") VALUES (50, 46, 15, 'Practice physical actually century over short certain. Summer specific option concern.', '2026-01-06');
INSERT INTO "comments" ("id", "post_id", "user_id", "text", "date_posted") VALUES (51, 24, 11, 'Especially life sister official. Remain center without.', '2026-01-03');
INSERT INTO "comments" ("id", "post_id", "user_id", "text", "date_posted") VALUES (52, 22, 28, 'Effect imagine town worker present defense. Or century their defense. Wind action economy official natural can.', '2026-01-17');
INSERT INTO "comments" ("id", "post_id", "user_id", "text", "date_posted") VALUES (53, 4, 7, 'Write under fear knowledge player down positive. Be certain ago whom language. Since experience perform interest particularly notice military civil.', '2026-01-01');
INSERT INTO "comments" ("id", "post_id", "user_id", "text", "date_posted") VALUES (54, 10, 45, 'Style remain cup they. Middle car market wear commercial.', '2026-01-01');
INSERT INTO "comments" ("id", "post_id", "user_id", "text", "date_posted") VALUES (55, 15, 3, 'Energy religious sport price job follow. Form single camera political economic.', '2026-01-23');
INSERT INTO "comments" ("id", "post_id", "user_id", "text", "date_posted") VALUES (56, 37, 41, 'Reach government support improve. Black because song capital administration sound teach hit. Down PM benefit arm subject over feeling.', '2026-01-26');
INSERT INTO "comments" ("id", "post_id", "user_id", "text", "date_posted") VALUES (57, 35, 39, 'Protect front why ability fund front suggest. Hear prove leave national visit.', '2026-01-20');
INSERT INTO "comments" ("id", "post_id", "user_id", "text", "date_posted") VALUES (58, 44, 5, 'Above form debate name.', '2026-01-25');
INSERT INTO "comments" ("id", "post_id", "user_id", "text", "date_posted") VALUES (59, 2, 8, 'Bill pattern scientist early. Range know close election.', '2026-01-09');
INSERT INTO "comments" ("id", "post_id", "user_id", "text", "date_posted") VALUES (60, 41, 13, 'Agree her whether beyond bar shoulder decade. Director population measure student cost policy. Open wife owner.', '2026-01-14');
INSERT INTO "comments" ("id", "post_id", "user_id", "text", "date_posted") VALUES (61, 39, 37, 'Finish pick shake level season tough general. Cost develop left poor. Listen small reflect put again big.', '2026-01-26');
INSERT INTO "comments" ("id", "post_id", "user_id", "text", "date_posted") VALUES (62, 8, 26, 'Staff week own necessary allow. Throughout society theory happy culture daughter.', '2026-01-24');
INSERT INTO "comments" ("id", "post_id", "user_id", "text", "date_posted") VALUES (63, 6, 24, 'Rest really wait if. Debate into name response garden.', '2026-01-01');
INSERT INTO "comments" ("id", "post_id", "user_id", "text", "date_posted") VALUES (64, 8, 3, 'Far share thought soon large message exist word. Get poor herself population.', '2026-01-12');
INSERT INTO "comments" ("id", "post_id", "user_id", "text", "date_posted") VALUES (65, 39, 2, 'Will network physical play pull child push. Truth house try thus should wide.', '2026-01-15');
INSERT INTO "comments" ("id", "post_id", "user_id", "text", "date_posted") VALUES (66, 13, 12, 'Hard industry trial position college also keep. Financial race wrong discuss agency fund. Start market attorney between.', '2026-01-02');
INSERT INTO "comments" ("id", "post_id", "user_id", "text", "date_posted") VALUES (67, 46, 8, 'Act minute treatment quickly. Conference however find most city citizen.', '2026-01-06');
INSERT INTO "comments" ("id", "post_id", "user_id", "text", "date_posted") VALUES (68, 31, 14, 'Spring executive something few allow star forward. Attack she represent family us lawyer finally.', '2026-01-10');
INSERT INTO "comments" ("id", "post_id", "user_id", "text", "date_posted") VALUES (69, 47, 4, 'Interest amount understand hard. Final ability person choose order. Like ball cause way.', '2026-01-28');
INSERT INTO "comments" ("id", "post_id", "user_id", "text", "date_posted") VALUES (70, 44, 2, 'Baby assume since break. Various item boy response.', '2026-01-22');
INSERT INTO "comments" ("id", "post_id", "user_id", "text", "date_posted") VALUES (71, 35, 28, 'Music catch head sure. Candidate phone when room network behind social. To more food recognize national training.', '2026-01-12');
INSERT INTO "comments" ("id", "post_id", "user_id", "text", "date_posted") VALUES (72, 40, 7, 'Check if since hair. Wall measure again ability election. Present carry break majority low.', '2026-01-07');
INSERT INTO "comments" ("id", "post_id", "user_id", "text", "date_posted") VALUES (73, 17, 5, 'Stage the common prevent spend. Customer plan maybe manager place fly.', '2026-01-06');
INSERT INTO "comments" ("id", "post_id", "user_id", "text", "date_posted") VALUES (74, 15, 5, 'Good human billion ever up. Newspaper allow forward hour whom inside. Sing city energy season environment. Yet possible account question.', '2026-01-12');
INSERT INTO "comments" ("id", "post_id", "user_id", "text", "date_posted") VALUES (75, 42, 20, 'Hard week model box market. Particular available expect really amount accept sometimes.', '2026-01-08');
INSERT INTO "comments" ("id", "post_id", "user_id", "text", "date_posted") VALUES (76, 23, 28, 'Three doctor nature cup. Poor send through. Then probably or which white get bring.', '2026-01-01');
INSERT INTO "comments" ("id", "post_id", "user_id", "text", "date_posted") VALUES (77, 12, 4, 'Control thank direction quite television south. Top his outside project us pass management serious. Child investment yourself still.', '2026-01-11');
INSERT INTO "comments" ("id", "post_id", "user_id", "text", "date_posted") VALUES (78, 33, 30, 'Red citizen notice feeling. Better child computer either.', '2026-01-21');
INSERT INTO "comments" ("id", "post_id", "user_id", "text", "date_posted") VALUES (79, 3, 39, 'Rock make build painting either return heart. Age visit message maybe instead room seven. Whole increase beat.', '2026-01-14');
INSERT INTO "comments" ("id", "post_id", "user_id", "text", "date_posted") VALUES (80, 7, 45, 'Manage special way.', '2026-01-17');
INSERT INTO "comments" ("id", "post_id", "user_id", "text", "date_posted") VALUES (81, 26, 13, 'Model new run tonight official south senior. Green film at best small law campaign value. Suffer team word major western education.', '2026-01-17');
INSERT INTO "comments" ("id", "post_id", "user_id", "text", "date_posted") VALUES (82, 17, 23, 'Simple guess member hour movement. Benefit thus mean certainly value create agree likely. Model cause letter career election few turn.', '2026-01-23');
INSERT INTO "comments" ("id", "post_id", "user_id", "text", "date_posted") VALUES (83, 47, 31, 'Form think person. Fill final oil Congress. Price little identify.', '2026-01-11');
INSERT INTO "comments" ("id", "post_id", "user_id", "text", "date_posted") VALUES (84, 37, 11, 'Talk want it manage heavy investment. Seven physical court author carry.', '2026-01-16');
INSERT INTO "comments" ("id", "post_id", "user_id", "text", "date_posted") VALUES (85, 45, 44, 'Son last early leave camera. Sound market best only know fish. Produce clear various production.', '2026-01-06');
INSERT INTO "comments" ("id", "post_id", "user_id", "text", "date_posted") VALUES (86, 14, 50, 'Focus foreign four seven ability probably. Police college newspaper little drive.', '2026-01-26');
INSERT INTO "comments" ("id", "post_id", "user_id", "text", "date_posted") VALUES (87, 4, 44, 'Anything season hospital machine. Religious around both place.', '2026-01-20');
INSERT INTO "comments" ("id", "post_id", "user_id", "text", "date_posted") VALUES (88, 11, 11, 'Example office between table. Suddenly idea common laugh environment. Phone positive idea throughout concern class. Deep minute top group.', '2026-01-23');
INSERT INTO "comments" ("id", "post_id", "user_id", "text", "date_posted") VALUES (89, 22, 34, 'Might someone young learn argue glass. Difficult discuss call share its guess different.', '2026-01-16');
INSERT INTO "comments" ("id", "post_id", "user_id", "text", "date_posted") VALUES (90, 17, 8, 'Door natural produce team operation. Top worry there similar adult range true.', '2026-01-14');
INSERT INTO "comments" ("id", "post_id", "user_id", "text", "date_posted") VALUES (91, 39, 29, 'Nature street find community any morning more. None say heart information part full your yeah.', '2026-01-08');
INSERT INTO "comments" ("id", "post_id", "user_id", "text", "date_posted") VALUES (92, 43, 12, 'Wish loss cause. No affect catch that. Fly find create artist.', '2026-01-03');
INSERT INTO "comments" ("id", "post_id", "user_id", "text", "date_posted") VALUES (93, 1, 31, 'Thus growth him power. People worker time decide rest others development.', '2026-01-01');
INSERT INTO "comments" ("id", "post_id", "user_id", "text", "date_posted") VALUES (94, 44, 27, 'Increase simple as. Use through first exactly. Since laugh model make speak.', '2026-01-26');
INSERT INTO "comments" ("id", "post_id", "user_id", "text", "date_posted") VALUES (95, 37, 33, 'Social forward provide upon yeah sense. Degree training level.', '2026-01-15');
INSERT INTO "comments" ("id", "post_id", "user_id", "text", "date_posted") VALUES (96, 20, 42, 'School still up radio try condition. Week color wait cover thank. Me media onto continue machine.', '2026-01-24');
INSERT INTO "comments" ("id", "post_id", "user_id", "text", "date_posted") VALUES (97, 23, 25, 'Why break voice middle reflect yes. Third option chair decide.', '2026-01-18');
INSERT INTO "comments" ("id", "post_id", "user_id", "text", "date_posted") VALUES (98, 43, 17, 'Benefit major friend through. Parent shake now owner believe. Style believe tough wait candidate under.', '2026-01-13');
INSERT INTO "comments" ("id", "post_id", "user_id", "text", "date_posted") VALUES (99, 10, 36, 'College would from beyond bed activity. Gas this sort unit operation.', '2026-01-16');
INSERT INTO "comments" ("id", "post_id", "user_id", "text", "date_posted") VALUES (100, 45, 1, 'Part father himself research general college bed. Want according speech personal task.', '2026-01-28');
